gamesPlayed,groundOuts,airOuts,runs,doubles,triples,homeRuns,strikeOuts,baseOnBalls,intentionalWalks,hits,hitByPitch,avg,atBats,obp,slg,ops,caughtStealing,stolenBases,stolenBasePercentage,groundIntoDoublePlay,numberOfPitches,plateAppearances,totalBases,rbi,leftOnBase,sacBunts,sacFlies,babip,groundOutsToAirouts,catchersInterference,atBatsPerHomeRun,player_numeric
128,50,17,10,3,0,1,94,1,0,21,1,.126,167,.136,.162,.298,0,0,0,2,625,184,27,6,103,15,0,.278,2.94,0,167.00,374592.0
488,432,437,160,75,8,22,182,36,1,378,12,.269,1404,.292,.381,.673,7,12,.632,27,4775,1477,535,137,558,17,8,.295,0.99,0,63.82,684736.0
4,5,0,2,0,0,0,2,1,0,1,0,.125,8,.222,.125,.347,0,0,0,1,35,9,1,0,2,0,0,.167,5.00,0,0,658304.0
0,0,0,0,0,0,0,0,0,0,0,0,0,0,0,0,0,0,0,0,0,0,0,0,0,0,0,0,0,0,0,0,257856.0
6,0,0,0,0,0,0,0,0,0,0,0,.000,0,.000,.000,.000,0,0,0,0,0,0,0,0,0,0,0,0,0,0,0,751104.0
0,0,0,0,0,0,0,0,0,0,0,0,0,0,0,0,0,0,0,0,0,0,0,0,0,0,0,0,0,0,0,0,297344.0
101,65,76,31,14,0,11,76,16,1,56,3,.208,269,.257,.383,.640,1,1,.500,7,1187,292,103,31,99,0,4,.242,0.86,0,24.46,40640.0
165,3,0,0,0,0,0,3,0,0,0,0,.000,4,.000,.000,.000,0,0,0,0,20,6,0,0,2,2,0,.000,3.00,0,0,81600.0
634,705,588,369,154,7,93,564,152,3,755,16,.290,2601,.332,.462,.794,19,58,.753,63,10311,2780,1202,356,951,0,11,.339,1.20,0,27.97,866496.0
153,0,0,0,0,0,0,0,0,0,0,0,.000,0,.000,.000,.000,0,0,0,0,0,0,0,0,0,0,0,0,0,0,0,536256.0
0,0,0,0,0,0,0,0,0,0,0,0,0,0,0,0,0,0,0,0,0,0,0,0,0,0,0,0,0,0,0,0,171264.0
28,0,0,0,0,0,0,0,0,0,0,0,.000,0,.000,.000,.000,0,0,0,0,0,0,0,0,0,0,0,0,0,0,0,720896.0
283,3,0,0,0,0,0,6,0,0,0,0,.000,8,.000,.000,.000,0,0,0,0,39,9,0,0,1,1,0,.000,3.00,0,0,20416.0
285,3,0,0,0,0,0,10,1,0,0,0,.000,12,.077,.000,.077,0,0,0,0,55,14,0,0,3,1,0,.000,3.00,0,0,526080.0
105,0,0,0,0,0,0,1,0,0,0,0,.000,1,.000,.000,.000,0,0,0,0,3,1,0,0,0,0,0,0,0,0,0,605632.0
339,162,79,16,8,0,2,88,11,0,65,1,.180,361,.205,.219,.424,0,1,1.000,3,1442,406,79,22,148,31,2,.231,2.05,0,180.50,20544.0
952,675,684,368,166,9,97,970,347,11,678,27,.227,2981,.312,.387,.699,2,6,.750,60,13729,3381,1153,325,1308,8,18,.301,0.99,0,30.73,116800.0
1170,1272,937,560,209,20,175,891,531,32,1054,24,.256,4116,.342,.444,.786,15,4,.211,127,18556,4719,1828,625,1894,0,38,.285,1.36,10,23.52,29696.0
63,38,31,17,5,1,1,45,8,1,23,8,.170,135,.257,.244,.501,0,4,1.000,3,603,153,33,11,56,1,1,.244,1.23,0,135.00,636864.0
1511,959,1481,813,329,28,179,1225,774,40,1257,74,.259,4856,.366,.449,.815,19,28,.596,40,24788,5773,2179,659,1694,12,54,.307,0.65,3,27.13,998464.0
142,0,0,0,0,0,0,0,0,0,0,0,.000,0,.000,.000,.000,0,0,0,0,0,0,0,0,0,0,0,0,0,0,0,747456.0
205,110,88,66,10,1,6,122,42,0,77,13,.198,388,.295,.276,.571,5,19,.792,7,1854,454,107,30,184,4,5,.268,1.25,2,64.67,789696.0
461,3,0,0,0,0,0,1,0,0,0,0,.000,3,.000,.000,.000,0,0,0,0,15,4,0,0,2,1,0,.000,3.00,0,0,466560.0
40,1,0,0,0,0,0,0,0,0,0,0,.000,1,.000,.000,.000,0,0,0,0,4,1,0,1,1,0,0,.000,1.00,0,0,804864.0
32,2,1,1,0,0,1,1,0,0,3,0,.500,6,.429,1.000,1.429,0,0,0,0,12,7,6,5,2,0,1,.400,2.00,0,6.00,956096.0
202,2,0,1,1,0,0,3,0,0,2,0,.286,7,.286,.429,.715,0,0,0,1,27,7,3,0,1,0,0,.500,2.00,0,0,699328.0
1171,1232,1040,626,225,24,87,854,362,14,1220,49,.283,4314,.343,.407,.750,44,190,.812,109,18710,4758,1754,454,1652,0,32,.333,1.18,1,49.59,407616.0
12,14,8,9,1,0,0,8,0,0,12,0,.286,42,.286,.310,.596,1,3,.750,1,167,42,13,3,12,0,0,.353,1.75,0,0,740672.0
491,415,429,177,85,2,58,473,109,2,436,7,.251,1738,.295,.402,.697,4,15,.789,45,7298,1872,699,208,731,0,15,.309,0.97,3,29.97,626240.0
0,0,0,0,0,0,0,0,0,0,0,0,0,0,0,0,0,0,0,0,0,0,0,0,0,0,0,0,0,0,0,0,971584.0
257,0,0,0,0,0,0,1,0,0,0,0,.000,1,.000,.000,.000,0,0,0,0,6,1,0,0,2,0,0,0,0,0,0,268288.0
69,5,0,0,0,0,0,1,0,0,0,0,.000,6,.000,.000,.000,0,0,0,0,14,6,0,0,4,0,0,.000,5.00,0,0,530560.0
781,7,2,0,1,0,0,6,0,0,3,0,.200,15,.200,.267,.467,0,0,0,1,65,18,4,0,11,3,0,.333,3.50,0,0,502464.0
1624,1584,1699,996,334,68,227,1142,485,35,1805,110,.293,6165,.353,.479,.832,59,148,.715,73,26061,6825,2956,801,1903,26,39,.326,0.93,0,27.16,812544.0
244,119,171,87,28,1,41,255,66,4,145,6,.211,686,.285,.434,.719,5,12,.706,7,3054,762,298,108,329,0,4,.264,0.70,0,16.73,313664.0
0,0,0,0,0,0,0,0,0,0,0,0,0,0,0,0,0,0,0,0,0,0,0,0,0,0,0,0,0,0,0,0,224576.0
0,0,0,0,0,0,0,0,0,0,0,0,0,0,0,0,0,0,0,0,0,0,0,0,0,0,0,0,0,0,0,0,870720.0
960,909,838,364,160,25,72,679,226,14,726,15,.234,3109,.286,.371,.657,23,43,.652,72,12507,3393,1152,339,1320,16,27,.274,1.08,0,43.18,323520.0
353,0,0,0,0,0,0,0,0,0,0,0,.000,0,.000,.000,.000,0,0,0,0,0,0,0,0,0,0,0,0,0,0,0,165888.0
273,0,0,0,0,0,0,0,0,0,0,0,.000,0,.000,.000,.000,0,0,0,0,0,0,0,0,0,0,0,0,0,0,0,25984.0
139,85,104,48,15,3,10,128,30,0,79,4,.201,394,.263,.330,.593,0,14,1.000,7,1721,430,130,39,178,0,2,.267,0.82,0,39.40,292544.0
0,0,0,0,0,0,0,0,0,0,0,0,0,0,0,0,0,0,0,0,0,0,0,0,0,0,0,0,0,0,0,0,71360.0
429,0,0,0,0,0,0,1,0,0,0,0,.000,1,.000,.000,.000,0,0,0,0,3,1,0,0,0,0,0,0,0,0,0,461120.0
627,4,0,0,0,0,0,20,0,0,2,0,.091,22,.091,.091,.182,0,0,0,0,98,26,2,0,14,4,0,1.000,4.00,0,0,806208.0
64,1,0,0,0,0,0,1,0,0,0,0,.000,2,.000,.000,.000,0,0,0,0,6,2,0,0,1,0,0,.000,1.00,0,0,197440.0
192,115,112,58,14,5,12,135,44,2,93,3,.209,446,.281,.343,.624,2,4,.667,9,2085,502,153,47,211,3,6,.266,1.03,0,37.17,306048.0
370,354,360,274,69,27,60,312,148,2,358,29,.263,1362,.345,.485,.830,14,96,.873,12,5952,1561,661,187,539,9,13,.297,0.98,0,22.70,246720.0
255,0,0,0,0,0,0,1,0,0,0,0,.000,1,.000,.000,.000,0,0,0,0,3,1,0,0,0,0,0,0,0,0,0,516928.0
108,5,4,0,1,0,0,7,0,0,3,0,.167,18,.167,.222,.389,0,0,0,0,60,19,4,0,7,1,0,.273,1.25,0,0,428352.0
1446,1503,1327,769,328,17,263,1246,432,57,1587,125,.283,5607,.345,.488,.833,6,11,.647,187,24224,6220,2738,960,2307,0,56,.319,1.13,0,21.32,890048.0
43,33,29,8,4,0,2,34,12,1,25,3,.208,120,.294,.292,.586,0,0,0,3,505,136,35,12,45,0,1,.271,1.14,0,60.00,154368.0
10,0,0,0,0,0,0,0,0,0,0,0,.000,0,.000,.000,.000,0,0,0,0,0,0,0,0,0,0,0,0,0,0,0,842176.0
7,2,4,2,1,0,0,14,2,0,3,1,.136,22,.231,.182,.413,0,0,0,0,101,26,4,2,11,0,1,.333,0.50,0,0,822784.0
0,0,0,0,0,0,0,0,0,0,0,0,0,0,0,0,0,0,0,0,0,0,0,0,0,0,0,0,0,0,0,0,614400.0
28,0,0,0,0,0,0,0,0,0,0,0,.000,0,.000,.000,.000,0,0,0,0,0,0,0,0,0,0,0,0,0,0,0,883648.0
101,0,0,0,0,0,0,0,0,0,0,0,.000,0,.000,.000,.000,0,0,0,0,0,0,0,0,0,0,0,0,0,0,0,465088.0
9,0,0,0,0,0,0,0,0,0,0,0,.000,0,.000,.000,.000,0,0,0,0,0,0,0,0,0,0,0,0,0,0,0,857728.0
223,0,0,0,0,0,0,0,0,0,0,0,.000,0,.000,.000,.000,0,0,0,0,0,0,0,0,0,0,0,0,0,0,0,409024.0
95,62,69,23,5,0,8,66,22,0,43,0,.184,234,.253,.308,.561,0,0,0,3,1089,262,72,31,112,5,1,.217,0.90,0,29.25,873920.0
0,0,0,0,0,0,0,0,0,0,0,0,0,0,0,0,0,0,0,0,0,0,0,0,0,0,0,0,0,0,0,0,22592.0
38,26,14,9,2,0,2,29,6,0,18,2,.207,87,.274,.299,.573,2,1,.333,2,391,95,26,6,39,0,0,.286,1.86,0,43.50,239680.0
539,636,642,250,98,10,16,209,135,4,560,7,.276,2026,.323,.358,.681,7,29,.806,37,8012,2189,726,170,666,14,7,.301,0.99,0,126.62,692224.0
102,36,47,25,7,2,8,91,16,1,46,4,.209,220,.275,.368,.643,6,11,.647,4,934,240,81,20,103,0,0,.314,0.77,0,27.50,107200.0
10,12,4,2,0,0,0,9,1,0,2,0,.080,25,.115,.080,.195,0,1,1.000,1,109,28,2,2,12,2,0,.125,3.00,0,0,263232.0
1089,1019,1068,476,183,28,61,528,288,11,919,51,.263,3497,.327,.383,.710,32,58,.644,53,14730,3874,1341,347,1196,21,16,.293,0.95,1,57.33,467840.0
120,1,0,0,0,0,0,1,0,0,0,0,.000,2,.000,.000,.000,0,0,0,0,6,2,0,0,2,0,0,.000,1.00,0,0,750592.0
722,656,643,581,145,12,165,719,368,17,815,50,.289,2818,.379,.525,.904,49,196,.800,42,13207,3254,1479,417,890,0,15,.334,1.02,3,17.08,710208.0
102,0,0,0,0,0,0,0,0,0,0,0,.000,0,.000,.000,.000,0,0,0,0,0,0,0,0,0,0,0,0,0,0,0,923392.0
0,0,0,0,0,0,0,0,0,0,0,0,0,0,0,0,0,0,0,0,0,0,0,0,0,0,0,0,0,0,0,0,116864.0
114,2,2,0,0,0,0,5,0,0,0,0,.000,9,.000,.000,.000,0,0,0,0,27,9,0,0,1,0,0,.000,1.00,0,0,456576.0
302,16,7,2,0,0,0,39,0,0,6,0,.095,63,.094,.095,.189,1,0,.000,0,254,68,6,5,26,4,1,.240,2.29,0,0,644032.0
8,0,0,0,0,0,0,1,0,0,0,0,.000,1,.000,.000,.000,0,0,0,0,3,1,0,0,0,0,0,0,0,0,0,738752.0
89,0,0,0,0,0,0,0,0,0,0,0,.000,0,.000,.000,.000,0,0,0,0,0,0,0,0,0,0,0,0,0,0,0,388160.0
34,9,4,2,0,0,0,25,3,0,4,0,.100,40,.163,.100,.263,0,0,0,0,172,45,4,1,21,2,0,.267,2.25,0,0,24192.0
442,2,0,3,1,0,1,1,0,0,5,0,.625,8,.625,1.125,1.750,0,0,0,0,30,8,9,2,4,0,0,.667,2.00,0,8.00,620992.0
3,0,4,2,1,0,1,3,0,0,3,1,.300,10,.364,.700,1.064,0,0,0,0,47,11,7,1,7,0,0,.333,0.00,0,10.00,333696.0
64,19,2,0,0,0,0,15,4,0,3,0,.079,38,.167,.079,.246,0,0,0,2,157,43,3,3,27,1,0,.130,9.50,0,0,964992.0
330,235,365,143,68,6,37,282,152,2,241,6,.216,1116,.312,.387,.699,6,12,.667,18,5081,1281,432,114,451,1,6,.254,0.64,0,30.16,882240.0
295,1,0,0,0,0,0,1,0,0,0,0,.000,1,.000,.000,.000,0,0,0,0,5,2,0,0,0,1,0,0,1.00,0,0,431168.0
0,0,0,0,0,0,0,0,0,0,0,0,0,0,0,0,0,0,0,0,0,0,0,0,0,0,0,0,0,0,0,0,159360.0
66,0,0,0,0,0,0,0,0,0,0,0,.000,0,.000,.000,.000,0,0,0,0,0,0,0,0,0,0,0,0,0,0,0,641728.0
0,0,0,0,0,0,0,0,0,0,0,0,0,0,0,0,0,0,0,0,0,0,0,0,0,0,0,0,0,0,0,0,750784.0
152,61,108,45,21,1,11,156,61,2,75,3,.188,398,.300,.329,.629,1,1,.500,5,1977,465,131,49,182,1,1,.276,0.56,1,36.18,465280.0
215,51,15,12,4,0,1,102,8,0,22,0,.127,173,.165,.168,.333,0,0,0,1,695,198,29,8,90,16,1,.296,3.40,0,173.00,107264.0
165,65,57,59,11,4,7,69,18,0,65,3,.258,252,.314,.417,.731,12,58,.829,4,999,278,105,33,116,3,1,.328,1.14,1,36.00,461952.0
1364,1048,1471,593,247,46,164,1043,351,25,1185,23,.253,4691,.305,.430,.735,18,23,.561,64,19869,5121,2016,636,2094,14,42,.290,0.71,0,28.60,532288.0
666,559,538,368,134,9,95,708,282,7,601,75,.252,2389,.347,.434,.781,43,108,.715,47,11379,2763,1038,331,1080,0,17,.316,1.04,0,25.15,386816.0
879,767,831,410,190,18,110,855,326,7,757,49,.237,3191,.316,.411,.727,10,19,.655,51,14475,3586,1313,384,1286,0,19,.288,0.92,1,29.01,425792.0
263,241,240,84,38,3,14,109,37,5,217,9,.270,804,.308,.377,.685,8,19,.704,13,2991,853,303,79,309,0,3,.297,1.00,0,57.43,656384.0
593,581,532,265,92,11,52,423,118,8,523,76,.258,2030,.320,.391,.711,16,107,.870,31,8537,2253,793,230,864,12,17,.300,1.09,0,39.04,608960.0
117,1,1,0,0,0,0,1,0,0,1,0,.333,3,.333,.333,.666,0,0,0,0,7,4,1,0,1,1,0,.500,1.00,0,0,514176.0
102,43,9,2,0,0,0,28,2,0,3,0,.042,71,.068,.042,.110,0,0,0,1,304,85,3,1,36,11,1,.068,4.78,0,0,165952.0
174,8,7,0,1,0,0,8,0,0,2,1,.083,24,.120,.125,.245,0,0,0,1,81,26,3,1,11,1,0,.125,1.14,0,0,258880.0
0,0,0,0,0,0,0,0,0,0,0,0,0,0,0,0,0,0,0,0,0,0,0,0,0,0,0,0,0,0,0,0,463872.0
455,0,2,0,0,0,0,2,0,0,1,0,.200,5,.200,.200,.400,0,0,0,0,15,5,1,1,3,0,0,.333,0.00,0,0,93056.0
308,1,0,0,0,0,0,0,0,0,0,0,.000,0,.000,.000,.000,0,0,0,0,5,1,0,0,0,1,0,0,1.00,0,0,69632.0
606,409,387,204,62,3,35,384,195,9,333,28,.222,1497,.322,.338,.660,6,23,.793,45,6921,1736,506,162,726,10,6,.275,1.06,0,42.77,838144.0
97,49,50,39,15,1,9,89,43,0,59,3,.244,242,.360,.426,.786,1,5,.833,2,1183,293,103,31,88,1,4,.338,0.98,0,26.89,216640.0
34,0,0,0,0,0,0,0,0,0,0,0,.000,0,.000,.000,.000,0,0,0,0,0,0,0,0,0,0,0,0,0,0,0,798784.0
703,714,444,290,85,15,34,550,109,1,560,25,.253,2217,.293,.350,.643,17,64,.790,36,8466,2402,777,201,900,35,16,.319,1.61,0,65.21,564672.0
61,3,1,1,0,0,0,3,0,0,0,0,.000,6,.000,.000,.000,0,0,0,0,23,7,0,0,2,1,0,.000,3.00,0,0,742464.0
145,127,72,37,15,1,4,91,35,0,82,2,.222,370,.292,.300,.592,1,4,.800,15,1619,409,111,27,172,2,0,.284,1.76,0,92.50,497088.0
0,0,0,0,0,0,0,0,0,0,0,0,0,0,0,0,0,0,0,0,0,0,0,0,0,0,0,0,0,0,0,0,814912.0
290,0,0,0,0,0,0,0,0,0,0,0,.000,0,.000,.000,.000,0,0,0,0,0,0,0,0,0,0,0,0,0,0,0,573440.0
66,0,3,0,1,0,0,3,0,0,1,0,.143,7,.143,.286,.429,0,0,0,0,18,7,2,1,5,0,0,.250,0.00,0,0,401408.0
1566,1284,1585,766,378,41,236,1504,409,19,1630,50,.274,5956,.323,.470,.793,22,38,.633,133,24173,6462,2798,863,2469,0,47,.327,0.81,0,25.24,486464.0
72,2,0,0,0,0,0,1,0,0,0,0,.000,2,.000,.000,.000,0,0,0,0,9,3,0,0,0,1,0,.000,2.00,0,0,634752.0
118,42,83,55,26,0,14,109,30,0,87,4,.276,315,.341,.492,.833,2,6,.750,7,1382,361,155,53,126,0,6,.369,0.51,6,22.50,764544.0
235,115,149,66,32,4,22,219,29,0,138,8,.224,615,.266,.397,.663,1,6,.857,10,2577,658,244,74,274,0,6,.305,0.77,0,27.96,964352.0
698,1,0,1,0,0,0,1,0,0,0,0,.000,2,.000,.000,.000,0,0,0,0,9,2,0,0,2,0,0,.000,1.00,0,0,870784.0
1027,743,1174,611,187,24,198,888,419,57,956,18,.257,3721,.332,.480,.812,22,94,.810,54,16844,4198,1785,609,1734,0,39,.283,0.63,0,18.79,254848.0
335,165,196,116,38,7,47,387,81,1,212,13,.222,954,.291,.425,.716,0,9,1.000,10,4377,1054,405,142,491,1,5,.314,0.84,0,20.30,361728.0
94,16,7,2,1,0,0,14,1,0,2,1,.057,35,.108,.086,.194,0,0,0,0,139,41,3,0,23,4,0,.095,2.29,0,0,495168.0
714,456,557,275,114,5,95,664,231,2,480,69,.226,2124,.319,.419,.738,4,5,.556,47,9819,2457,889,306,946,15,18,.278,0.82,0,22.36,378432.0
16,0,0,0,0,0,0,0,0,0,0,0,.000,0,.000,.000,.000,0,0,0,0,0,0,0,0,0,0,0,0,0,0,0,62720.0
88,12,4,2,0,0,0,16,0,0,6,0,.176,34,.176,.176,.352,0,0,0,0,139,38,6,0,16,4,0,.333,3.00,0,0,471040.0
24,3,0,0,0,0,0,2,0,0,0,0,.000,4,.000,.000,.000,0,0,0,0,13,5,0,0,2,1,0,.000,3.00,0,0,145408.0
1084,869,997,483,237,37,136,799,227,29,1028,15,.280,3671,.323,.476,.799,25,30,.545,71,15413,3938,1747,469,1457,1,21,.324,0.87,3,26.99,200960.0
0,0,0,0,0,0,0,0,0,0,0,0,0,0,0,0,0,0,0,0,0,0,0,0,0,0,0,0,0,0,0,0,120384.0
658,726,666,379,128,21,67,443,165,4,648,33,.263,2462,.316,.414,.730,18,113,.863,34,9919,2681,1019,261,880,6,15,.295,1.09,0,36.75,52416.0
96,0,0,0,0,0,0,0,0,0,0,0,.000,0,.000,.000,.000,0,0,0,0,0,0,0,0,0,0,0,0,0,0,0,898432.0
463,374,267,169,73,13,24,327,119,1,288,4,.233,1236,.300,.371,.671,9,27,.750,29,5374,1379,459,118,553,9,11,.295,1.40,0,51.50,993024.0
180,0,0,0,0,0,0,0,0,0,0,0,.000,0,.000,.000,.000,0,0,0,0,0,0,0,0,0,0,0,0,0,0,0,346112.0
81,3,0,0,0,0,0,2,0,0,0,0,.000,5,.000,.000,.000,0,0,0,1,14,5,0,0,4,0,0,.000,3.00,0,0,142848.0
20,5,10,8,1,0,1,22,5,0,8,0,.182,44,.260,.273,.533,0,2,1.000,0,217,50,12,5,18,0,1,.318,0.50,0,44.00,976896.0
123,1,1,1,1,0,0,3,0,0,3,0,.375,8,.375,.500,.875,0,0,0,1,20,8,4,0,3,0,0,.600,1.00,0,0,941824.0
727,692,712,323,135,4,76,531,190,4,682,109,.262,2599,.336,.405,.741,3,2,.400,85,10853,2917,1053,324,1071,0,18,.301,0.97,1,34.20,569920.0
127,1,0,0,0,0,0,0,0,0,0,0,.000,1,.000,.000,.000,0,0,0,0,1,1,0,0,1,0,0,.000,1.00,0,0,153344.0
73,0,0,0,0,0,0,0,0,0,0,0,.000,0,.000,.000,.000,0,0,0,0,0,0,0,0,0,0,0,0,0,0,0,801984.0
290,179,165,93,29,3,18,113,47,2,150,21,.247,607,.323,.394,.717,2,7,.778,16,2494,675,239,96,278,0,0,.277,1.08,0,33.72,457664.0
0,0,0,0,0,0,0,0,0,0,0,0,0,0,0,0,0,0,0,0,0,0,0,0,0,0,0,0,0,0,0,0,171456.0
114,0,0,0,0,0,0,0,0,0,0,0,.000,0,.000,.000,.000,0,0,0,0,0,0,0,0,0,0,0,0,0,0,0,905856.0
0,0,0,0,0,0,0,0,0,0,0,0,0,0,0,0,0,0,0,0,0,0,0,0,0,0,0,0,0,0,0,0,491840.0
397,414,379,191,72,5,33,216,145,3,398,37,.285,1395,.366,.415,.781,10,15,.600,18,6259,1589,579,165,487,3,9,.316,1.09,0,42.27,800512.0
105,105,68,23,12,0,10,76,19,0,73,3,.227,321,.276,.358,.634,1,0,.000,11,1245,344,115,28,123,0,1,.267,1.54,0,32.10,952512.0
269,51,9,3,0,0,0,63,3,0,8,0,.066,121,.089,.066,.155,0,0,0,0,509,134,8,3,48,10,0,.138,5.67,0,0,642304.0
97,66,55,41,15,0,17,128,29,1,61,6,.199,307,.278,.414,.692,0,0,0,5,1344,345,127,45,127,0,3,.267,1.20,0,18.06,136896.0
75,0,0,0,0,0,0,0,0,0,0,0,.000,0,.000,.000,.000,0,0,0,0,0,0,0,0,0,0,0,0,0,0,0,776512.0
48,4,1,0,0,0,0,1,0,0,0,0,.000,5,.000,.000,.000,0,0,0,0,26,6,0,0,1,1,0,.000,4.00,0,0,483456.0
241,49,9,9,0,0,0,97,7,0,12,0,.078,153,.119,.078,.197,0,0,0,0,687,174,12,2,88,14,0,.214,5.44,0,0,423488.0
1054,773,1038,667,233,19,184,1064,504,21,1068,103,.273,3919,.368,.483,.851,20,44,.688,63,17814,4550,1891,548,1639,0,24,.328,0.74,0,21.30,699264.0
180,55,17,20,7,0,0,40,10,0,27,0,.214,126,.272,.270,.542,0,0,0,0,573,149,34,9,60,13,0,.314,3.24,0,0,680512.0
108,0,0,0,0,0,0,2,0,0,0,0,.000,2,.000,.000,.000,0,0,0,0,11,2,0,0,3,0,0,0,0,0,0,78720.0
1026,552,1029,456,171,15,195,1074,247,8,771,49,.227,3393,.287,.459,.746,12,22,.647,44,14198,3723,1557,566,1670,0,33,.267,0.54,1,17.40,232576.0
100,3,1,0,0,0,0,5,0,0,0,0,.000,8,.000,.000,.000,0,0,0,0,35,9,0,0,5,1,0,.000,3.00,0,0,134912.0
355,1,2,0,0,0,0,3,1,0,0,0,.000,6,.143,.000,.143,0,0,0,0,27,7,0,1,7,0,0,.000,0.50,0,0,317888.0
600,479,358,189,76,5,33,290,86,6,386,6,.259,1491,.300,.383,.683,6,7,.538,43,5621,1605,571,163,667,11,11,.299,1.34,0,45.18,812800.0
311,190,219,109,46,1,54,381,88,1,221,13,.220,1003,.290,.430,.720,3,0,.000,23,4684,1112,431,157,446,0,8,.290,0.87,0,18.57,401216.0
1137,973,1497,711,275,18,196,667,586,14,1165,61,.273,4260,.366,.485,.851,15,43,.741,109,19364,4949,2064,684,1781,1,41,.282,0.65,0,21.74,952320.0
394,2,0,0,0,0,0,1,0,0,0,0,.000,2,.000,.000,.000,0,0,0,0,11,3,0,0,1,1,0,.000,2.00,0,0,361472.0
1049,861,957,470,194,10,187,928,268,16,953,70,.260,3670,.320,.471,.791,8,10,.556,99,15643,4043,1728,604,1604,0,29,.296,0.90,6,19.63,41088.0
158,72,82,50,17,0,19,117,21,1,78,5,.225,347,.277,.438,.715,0,1,1.000,4,1430,375,152,41,173,0,2,.277,0.88,0,18.26,835840.0
795,474,737,444,161,25,138,863,196,6,659,41,.244,2703,.303,.475,.778,12,98,.891,16,11294,2970,1284,365,1169,14,16,.303,0.64,0,19.59,918080.0
658,616,737,341,133,24,71,475,258,11,593,50,.247,2396,.331,.412,.743,7,21,.750,41,10854,2741,987,315,1026,5,20,.279,0.84,12,33.75,431744.0
67,0,0,0,0,0,0,1,0,0,0,0,.000,1,.000,.000,.000,0,0,0,0,4,1,0,0,0,0,0,0,0,0,0,116288.0
1555,1556,1537,895,362,18,186,1196,556,22,1715,55,.289,5943,.352,.449,.801,22,110,.833,151,26592,6615,2671,790,2517,5,56,.331,1.01,0,31.95,208128.0
528,295,372,173,65,11,30,452,76,1,318,33,.224,1419,.279,.349,.628,18,47,.723,14,5892,1546,495,123,619,16,2,.307,0.79,0,47.30,895424.0
623,682,586,294,129,6,59,455,161,4,643,21,.275,2338,.324,.411,.735,7,17,.708,80,9378,2548,961,342,997,0,28,.315,1.16,0,39.63,762304.0
213,183,176,81,24,1,11,97,44,1,126,27,.221,571,.304,.324,.628,6,18,.750,21,2428,653,185,54,245,5,6,.245,1.04,0,51.91,987520.0
52,1,0,0,0,0,0,1,0,0,0,0,.000,2,.000,.000,.000,0,0,0,0,7,2,0,0,2,0,0,.000,1.00,0,0,485504.0
152,1,0,0,0,0,0,1,0,0,0,0,.000,2,.000,.000,.000,0,0,0,0,8,2,0,0,0,0,0,.000,1.00,0,0,58368.0
545,433,509,207,80,4,32,255,80,2,410,8,.259,1582,.295,.375,.670,12,21,.636,35,5955,1696,594,169,681,8,17,.288,0.85,1,49.44,96576.0
280,0,0,0,0,0,0,2,0,0,0,0,.000,2,.000,.000,.000,0,0,0,0,6,2,0,0,1,0,0,0,0,0,0,199104.0
49,33,20,8,4,0,2,24,8,0,14,1,.154,91,.230,.264,.494,0,0,0,0,377,100,24,10,39,0,0,.185,1.65,0,45.50,395008.0
372,0,0,0,0,0,0,0,0,0,0,0,.000,0,.000,.000,.000,0,0,0,0,0,0,0,0,0,0,0,0,0,0,0,447936.0
314,341,298,153,54,9,13,237,91,0,290,2,.253,1145,.305,.350,.655,14,63,.818,18,4809,1259,401,120,414,5,16,.304,1.14,0,88.08,692416.0
57,36,39,10,4,1,2,38,14,2,33,4,.228,145,.313,.310,.623,0,0,0,4,623,164,45,14,63,1,0,.295,0.92,0,72.50,388288.0
50,0,0,0,0,0,0,5,0,0,0,0,.000,5,.000,.000,.000,0,0,0,0,23,5,0,0,2,0,0,0,0,0,0,315456.0
82,52,51,17,4,0,5,63,17,0,31,2,.161,192,.236,.260,.496,1,0,.000,2,826,216,50,12,85,4,1,.208,1.02,0,38.40,208000.0
205,159,128,63,22,2,5,122,42,3,95,7,.190,500,.261,.272,.533,14,15,.517,8,2078,553,136,40,209,2,2,.240,1.24,0,100.00,707904.0
287,206,231,112,31,1,20,196,67,1,191,4,.235,812,.295,.350,.645,5,15,.750,14,3467,895,284,89,336,6,6,.284,0.89,0,40.60,168768.0
208,0,0,0,0,0,0,2,0,0,0,0,.000,2,.000,.000,.000,0,0,0,0,8,2,0,0,2,0,0,0,0,0,0,241472.0
318,330,74,27,1,0,0,178,17,0,55,1,.101,545,.129,.103,.232,0,1,1.000,6,2154,655,56,18,314,90,2,.149,4.46,0,0,782464.0
4,2,2,1,1,0,0,3,0,0,2,0,.250,8,.222,.375,.597,0,0,0,1,31,9,3,2,5,0,1,.333,1.00,0,0,196992.0
1,0,0,0,0,0,0,1,0,0,0,0,.000,1,.000,.000,.000,0,0,0,0,4,1,0,0,1,0,0,0,0,0,0,44160.0
83,0,0,0,0,0,0,0,0,0,0,0,.000,0,.000,.000,.000,0,0,0,0,0,0,0,0,0,0,0,0,0,0,0,825856.0
1554,1865,1657,670,249,58,45,864,253,17,1486,57,.258,5750,.295,.345,.640,45,178,.798,113,22570,6182,1986,478,2231,87,35,.296,1.13,0,127.78,354944.0
251,170,125,100,37,5,27,278,66,1,157,1,.217,722,.283,.395,.678,5,13,.722,4,3185,797,285,87,296,5,3,.310,1.36,0,26.74,870080.0
265,120,141,100,35,10,25,280,83,0,153,5,.222,689,.309,.411,.720,10,35,.778,7,3272,782,283,77,294,2,3,.331,0.85,0,27.56,846848.0
2055,1787,1807,1090,372,15,464,1916,738,78,2053,86,.274,7501,.343,.513,.856,32,84,.724,179,32722,8396,3847,1325,3203,2,60,.307,0.99,9,16.17,239040.0
543,285,382,157,61,1,48,423,169,7,298,22,.218,1367,.312,.369,.681,2,2,.500,22,6377,1579,505,162,589,13,8,.277,0.75,0,28.48,18560.0
0,0,0,0,0,0,0,0,0,0,0,0,0,0,0,0,0,0,0,0,0,0,0,0,0,0,0,0,0,0,0,0,461120.0
259,188,202,121,40,8,49,238,61,4,240,17,.278,862,.336,.514,.850,3,6,.667,11,3600,949,443,142,377,0,6,.329,0.93,3,17.59,935680.0
476,454,285,226,63,9,24,364,158,2,379,20,.258,1468,.337,.362,.699,21,104,.832,28,6502,1660,532,126,596,6,8,.326,1.59,0,61.17,172544.0
89,0,0,0,0,0,0,0,0,0,0,0,.000,0,.000,.000,.000,0,0,0,0,0,0,0,0,0,0,0,0,0,0,0,47488.0
51,0,0,0,0,0,0,0,0,0,0,0,.000,0,.000,.000,.000,0,0,0,0,0,0,0,0,0,0,0,0,0,0,0,966976.0
0,0,0,0,0,0,0,0,0,0,0,0,0,0,0,0,0,0,0,0,0,0,0,0,0,0,0,0,0,0,0,0,842240.0
279,203,230,106,43,3,22,241,49,1,227,9,.253,896,.297,.382,.679,7,13,.650,16,3512,959,342,92,401,1,4,.322,0.88,0,40.73,928832.0
797,781,797,407,152,15,56,620,383,2,705,37,.245,2872,.340,.367,.707,14,28,.667,44,13896,3324,1055,296,1042,13,18,.293,0.98,1,51.29,717632.0
572,0,0,0,0,0,0,1,0,0,0,0,.000,1,.000,.000,.000,0,0,0,0,4,1,0,0,1,0,0,0,0,0,0,696832.0
102,5,0,0,0,0,0,6,0,0,0,0,.000,10,.000,.000,.000,0,0,0,0,31,11,0,0,6,1,0,.000,5.00,0,0,340288.0
867,810,696,337,170,9,109,718,188,3,713,34,.245,2915,.296,.421,.717,8,5,.385,77,12238,3159,1228,375,1254,0,22,.286,1.16,0,26.74,582336.0
1007,984,928,631,262,12,202,930,379,60,1081,34,.277,3900,.345,.506,.851,18,32,.640,87,16548,4336,1973,652,1669,1,22,.315,1.06,0,19.31,213184.0
484,405,328,202,75,15,63,514,111,0,404,14,.246,1639,.299,.426,.725,12,13,.520,35,7083,1776,698,199,620,4,8,.319,1.23,0,26.02,653184.0
0,0,0,0,0,0,0,0,0,0,0,0,0,0,0,0,0,0,0,0,0,0,0,0,0,0,0,0,0,0,0,0,743616.0
0,0,0,0,0,0,0,0,0,0,0,0,0,0,0,0,0,0,0,0,0,0,0,0,0,0,0,0,0,0,0,0,111424.0
311,5,1,0,0,0,0,5,0,0,0,0,.000,10,.000,.000,.000,0,0,0,1,36,11,0,0,9,1,0,.000,5.00,0,0,394112.0
0,0,0,0,0,0,0,0,0,0,0,0,0,0,0,0,0,0,0,0,0,0,0,0,0,0,0,0,0,0,0,0,367296.0
0,0,0,0,0,0,0,0,0,0,0,0,0,0,0,0,0,0,0,0,0,0,0,0,0,0,0,0,0,0,0,0,282112.0
1384,1276,1266,816,287,12,279,1221,725,22,1310,58,.261,5022,.358,.489,.847,10,40,.800,135,23596,5856,2458,816,1967,5,46,.289,1.01,0,18.00,931072.0
216,78,30,8,4,0,0,90,4,0,22,0,.110,200,.127,.130,.257,0,0,0,2,685,224,26,5,134,20,0,.200,2.60,0,0,736576.0
0,0,0,0,0,0,0,0,0,0,0,0,0,0,0,0,0,0,0,0,0,0,0,0,0,0,0,0,0,0,0,0,814528.0
118,46,15,11,4,0,1,15,2,0,23,0,.258,89,.275,.337,.612,0,0,0,1,330,101,30,4,35,10,0,.301,3.07,0,89.00,636736.0
542,296,435,260,78,4,51,518,258,2,358,28,.225,1593,.341,.375,.716,3,32,.914,9,7911,1898,597,188,660,5,9,.297,0.68,5,31.24,870912.0
0,0,0,0,0,0,0,0,0,0,0,0,0,0,0,0,0,0,0,0,0,0,0,0,0,0,0,0,0,0,0,0,503552.0
525,369,374,190,93,3,67,476,241,9,367,14,.234,1567,.338,.426,.764,7,6,.462,22,7776,1841,667,238,697,0,19,.288,0.99,0,23.39,17664.0
0,0,0,0,0,0,0,0,0,0,0,0,0,0,0,0,0,0,0,0,0,0,0,0,0,0,0,0,0,0,0,0,131456.0
175,2,0,0,0,0,0,3,0,0,0,0,.000,5,.000,.000,.000,0,0,0,0,19,5,0,0,2,0,0,.000,2.00,0,0,633728.0
0,0,0,0,0,0,0,0,0,0,0,0,0,0,0,0,0,0,0,0,0,0,0,0,0,0,0,0,0,0,0,0,299776.0
278,314,235,127,55,4,40,199,39,1,289,7,.283,1023,.309,.461,.770,1,2,.667,36,3730,1083,472,153,488,0,14,.312,1.34,0,25.58,190592.0
246,180,182,110,33,2,45,248,128,8,193,4,.241,801,.348,.456,.804,1,1,.500,19,3840,935,365,119,369,0,2,.290,0.99,0,17.80,340352.0
0,0,0,0,0,0,0,0,0,0,0,0,0,0,0,0,0,0,0,0,0,0,0,0,0,0,0,0,0,0,0,0,704896.0
0,0,0,0,0,0,0,0,0,0,0,0,0,0,0,0,0,0,0,0,0,0,0,0,0,0,0,0,0,0,0,0,806144.0
121,0,0,0,0,0,0,0,0,0,0,0,.000,0,.000,.000,.000,0,0,0,0,0,0,0,0,0,0,0,0,0,0,0,245120.0
1133,1134,1022,630,241,13,188,987,513,28,1164,29,.273,4263,.352,.468,.820,9,33,.786,138,19441,4850,1995,677,1889,0,44,.312,1.11,1,22.68,50432.0
35,2,0,0,0,0,0,3,0,0,0,0,.000,4,.000,.000,.000,0,0,0,0,16,5,0,0,3,1,0,.000,2.00,0,0,519680.0
128,0,0,0,0,0,0,0,0,0,0,0,.000,0,.000,.000,.000,0,0,0,0,0,0,0,0,0,0,0,0,0,0,0,82240.0
709,726,539,272,102,9,31,438,176,1,646,34,.277,2331,.335,.369,.704,14,41,.745,78,9673,2559,859,231,920,6,12,.328,1.35,0,75.19,921344.0
221,139,73,27,9,0,3,116,17,0,78,0,.204,383,.238,.251,.489,0,1,1.000,8,1404,423,96,29,190,23,0,.284,1.90,0,127.67,426112.0
154,0,0,0,0,0,0,2,0,0,1,0,.333,3,.333,.333,.666,0,0,0,0,8,3,1,0,0,0,0,1.000,0,0,0,689472.0
13,0,0,0,0,0,0,0,0,0,0,0,.000,0,.000,.000,.000,0,0,0,0,0,0,0,0,0,0,0,0,0,0,0,131904.0
447,2,1,1,0,0,0,2,3,0,0,0,.000,4,.429,.000,.429,0,0,0,0,35,8,0,0,3,1,0,.000,2.00,0,0,589248.0
119,61,69,27,5,0,10,117,10,1,65,5,.211,308,.248,.325,.573,1,0,.000,11,1288,327,100,25,119,4,0,.304,0.88,0,30.80,699008.0
15,1,0,0,0,0,0,1,0,0,0,0,.000,2,.000,.000,.000,0,0,0,0,12,2,0,0,3,0,0,.000,1.00,0,0,447040.0
347,169,48,30,9,3,0,169,21,0,62,1,.151,410,.194,.188,.382,1,0,.000,4,1711,470,77,23,226,38,0,.257,3.52,0,0,219584.0
7,4,6,0,0,0,0,8,0,0,2,1,.100,20,.143,.100,.243,0,0,0,0,78,21,2,0,12,0,0,.167,0.67,0,0,82752.0
0,0,0,0,0,0,0,0,0,0,0,0,0,0,0,0,0,0,0,0,0,0,0,0,0,0,0,0,0,0,0,0,856256.0
132,54,12,11,2,0,1,99,11,0,19,0,.111,171,.165,.140,.305,0,0,0,0,828,195,24,6,92,13,0,.254,4.50,0,171.00,946304.0
198,0,0,1,0,0,0,3,0,0,0,0,.000,3,.000,.000,.000,0,0,0,0,12,3,0,0,4,0,0,0,0,0,0,255936.0
1182,1041,819,514,204,27,109,1066,361,17,839,66,.225,3735,.303,.381,.684,18,69,.793,64,16382,4192,1424,449,1732,8,22,.283,1.27,0,34.27,974080.0
328,212,260,113,43,7,40,362,69,1,222,14,.211,1051,.268,.380,.648,14,22,.611,22,4644,1141,399,141,478,1,4,.279,0.82,2,26.28,104128.0
264,257,201,72,24,2,9,151,43,0,160,3,.213,751,.258,.286,.544,4,12,.750,14,2895,815,215,44,272,15,3,.254,1.28,0,83.44,859776.0
496,372,241,152,71,4,48,581,72,10,402,42,.253,1590,.302,.393,.695,5,18,.783,34,6143,1710,625,198,709,0,6,.366,1.54,0,33.12,335296.0
106,1,1,0,0,0,0,3,0,0,0,0,.000,5,.000,.000,.000,0,0,0,0,22,5,0,0,3,0,0,.000,1.00,0,0,509824.0
0,0,0,0,0,0,0,0,0,0,0,0,0,0,0,0,0,0,0,0,0,0,0,0,0,0,0,0,0,0,0,0,57728.0
483,376,443,160,71,1,20,206,110,3,364,8,.265,1371,.322,.363,.685,9,26,.743,31,5797,1507,497,146,611,9,9,.298,0.85,0,68.55,228480.0
194,0,0,0,0,0,0,0,0,0,0,0,.000,0,.000,.000,.000,0,0,0,0,0,0,0,0,0,0,0,0,0,0,0,964928.0
324,17,2,1,0,0,0,18,1,0,2,0,.065,31,.094,.065,.159,0,0,0,0,136,40,2,1,14,8,0,.154,8.50,0,0,564608.0
916,794,669,254,131,6,53,649,296,35,659,21,.241,2736,.318,.351,.669,5,8,.615,73,11597,3088,961,292,1171,18,17,.295,1.19,0,51.62,936448.0
51,4,2,0,1,0,0,19,0,0,2,1,.080,25,.115,.120,.235,0,0,0,0,107,28,3,0,6,2,0,.333,2.00,0,0,472384.0
194,155,114,55,17,4,22,175,51,1,124,8,.219,566,.292,.380,.672,7,6,.462,14,2447,627,215,59,272,0,2,.275,1.36,0,25.73,621312.0
23,2,3,0,0,0,0,6,0,0,0,0,.000,11,.000,.000,.000,0,0,0,0,33,11,0,0,4,0,0,.000,0.67,0,0,13120.0
47,21,29,16,3,0,3,41,17,1,17,4,.157,108,.295,.269,.564,1,0,.000,1,562,129,29,10,55,0,0,.219,0.72,0,36.00,115136.0
244,109,145,69,28,1,26,191,48,0,141,13,.242,582,.313,.428,.741,0,7,1.000,7,2689,647,249,77,248,1,3,.313,0.75,0,22.38,133760.0
392,0,0,0,0,0,0,1,0,0,0,0,.000,1,.000,.000,.000,0,0,0,0,5,1,0,0,1,0,0,0,0,0,0,402944.0
311,245,290,109,34,2,23,158,49,0,195,17,.224,870,.277,.347,.624,6,10,.625,25,3336,954,302,89,358,11,7,.247,0.84,0,37.83,114048.0
0,0,0,0,0,0,0,0,0,0,0,0,0,0,0,0,0,0,0,0,0,0,0,0,0,0,0,0,0,0,0,0,248512.0
223,158,204,83,28,3,16,131,90,0,150,10,.237,634,.338,.366,.704,12,18,.600,6,3121,743,232,73,264,4,5,.272,0.77,0,39.62,926784.0
517,442,326,192,96,7,57,519,157,0,459,26,.265,1735,.333,.427,.760,1,1,.500,46,7740,1929,740,233,694,0,11,.344,1.36,0,30.44,969152.0
357,246,226,133,41,7,42,378,64,3,263,9,.238,1106,.283,.401,.684,4,8,.667,28,4444,1186,444,142,537,0,7,.319,1.09,0,26.33,791296.0
168,90,141,51,28,1,15,131,45,2,92,6,.205,448,.285,.373,.658,0,0,0,10,2002,506,167,54,185,3,3,.252,0.64,1,29.87,559872.0
259,0,0,0,0,0,0,0,0,0,0,0,.000,0,.000,.000,.000,0,0,0,0,0,0,0,0,0,0,0,0,0,0,0,637760.0
64,0,0,0,0,0,0,3,0,0,0,0,.000,3,.000,.000,.000,0,0,0,0,10,3,0,0,3,0,0,0,0,0,0,828864.0
54,0,0,0,0,0,0,0,0,0,0,0,.000,0,.000,.000,.000,0,0,0,0,0,0,0,0,0,0,0,0,0,0,0,400128.0
134,5,0,0,0,0,0,5,0,0,0,0,.000,10,.000,.000,.000,0,0,0,1,40,10,0,0,5,0,0,.000,5.00,0,0,506880.0
11,1,0,0,0,0,0,0,0,0,0,0,.000,1,.000,.000,.000,0,0,0,0,3,1,0,0,0,0,0,.000,1.00,0,0,656960.0
10,0,0,0,0,0,0,0,0,0,0,0,.000,0,.000,.000,.000,0,0,0,0,0,0,0,0,0,0,0,0,0,0,0,894464.0
154,0,0,0,0,0,0,0,0,0,0,0,.000,0,.000,.000,.000,0,0,0,0,0,0,0,0,0,0,0,0,0,0,0,530944.0
301,0,0,0,0,0,0,0,0,0,0,0,.000,0,.000,.000,.000,0,0,0,0,0,0,0,0,0,0,0,0,0,0,0,998720.0
183,152,143,59,17,0,12,125,65,2,117,11,.223,525,.316,.324,.640,2,1,.333,16,2636,613,170,54,240,2,10,.264,1.06,0,43.75,134976.0
38,26,21,4,5,0,1,19,6,0,20,1,.235,85,.290,.329,.619,0,3,1.000,2,342,93,28,7,45,0,1,.288,1.24,0,85.00,659008.0
87,0,0,1,0,0,0,0,0,0,0,0,.000,0,.000,.000,.000,0,0,0,0,0,0,0,0,0,0,0,0,0,0,0,117440.0
37,29,15,12,2,0,1,21,6,0,8,1,.113,71,.192,.183,.375,0,0,0,3,306,80,13,4,38,2,0,.143,1.93,0,71.00,833792.0
220,31,6,4,1,0,0,38,4,0,8,0,.100,80,.143,.113,.256,1,0,.000,2,338,87,9,3,53,3,0,.190,5.17,0,0,800384.0
122,19,1,1,1,0,0,15,1,0,2,0,.056,36,.081,.083,.164,0,0,0,1,115,38,3,0,19,1,0,.095,19.00,0,0,670912.0
57,24,24,8,5,0,2,47,8,3,23,1,.195,118,.252,.288,.540,0,0,0,3,480,127,34,7,60,0,0,.304,1.00,0,59.00,571584.0
26,1,0,0,1,0,0,1,0,0,1,0,.500,2,.500,1.000,1.500,0,0,0,0,9,3,2,0,0,1,0,1.000,1.00,0,0,959296.0
63,8,1,1,1,0,0,5,0,0,1,0,.083,12,.083,.167,.250,0,0,0,0,40,15,2,0,11,3,0,.143,8.00,0,0,510912.0
273,0,0,0,0,0,0,4,0,0,0,0,.000,4,.000,.000,.000,0,0,0,0,16,4,0,0,5,0,0,0,0,0,0,91456.0
2046,1767,1977,1305,512,31,347,1645,1015,136,2279,108,.300,7606,.387,.512,.899,31,98,.760,159,34174,8791,3894,1243,2886,0,62,.340,0.89,0,21.92,878336.0
0,0,0,0,0,0,0,0,0,0,0,0,0,0,0,0,0,0,0,0,0,0,0,0,0,0,0,0,0,0,0,0,757888.0
9,0,0,0,0,0,0,0,0,0,0,0,.000,0,.000,.000,.000,0,0,0,0,0,0,0,0,0,0,0,0,0,0,0,270144.0
258,0,0,0,0,0,0,2,0,0,0,0,.000,2,.000,.000,.000,0,0,0,0,9,2,0,0,1,0,0,0,0,0,0,687808.0
646,5,1,1,0,0,0,2,0,0,1,0,.111,9,.111,.111,.222,0,0,0,0,25,9,1,0,6,0,0,.143,5.00,0,0,212096.0
299,0,0,0,0,0,0,2,0,0,0,0,.000,2,.000,.000,.000,0,0,0,0,9,2,0,0,1,0,0,0,0,0,0,117248.0
117,0,0,0,0,0,0,0,0,0,0,0,.000,0,.000,.000,.000,0,0,0,0,0,0,0,0,0,0,0,0,0,0,0,72384.0
130,53,23,8,3,0,1,46,9,0,19,0,.154,123,.209,.203,.412,1,1,.500,0,586,150,25,7,60,16,2,.231,2.30,0,123.00,177600.0
94,23,13,6,2,0,1,37,6,0,13,0,.167,78,.224,.231,.455,0,0,0,2,366,92,18,7,35,7,1,.293,1.77,0,78.00,305280.0
948,949,736,333,131,7,87,683,232,16,743,11,.241,3081,.295,.373,.668,16,43,.729,89,12734,3354,1149,335,1332,6,24,.281,1.29,0,35.41,256768.0
70,0,0,0,0,0,0,0,0,0,0,0,.000,0,.000,.000,.000,0,0,0,0,0,0,0,0,0,0,0,0,0,0,0,896896.0
249,4,2,1,0,0,0,10,1,0,2,0,.118,17,.167,.118,.285,0,0,0,1,63,19,2,0,11,1,0,.286,2.00,0,0,346368.0
235,14,3,1,1,0,0,7,0,0,1,0,.048,21,.048,.095,.143,0,0,0,3,78,25,2,1,15,4,0,.071,4.67,0,0,767296.0
79,0,0,0,0,0,0,0,0,0,0,0,.000,0,.000,.000,.000,0,0,0,0,0,0,0,0,0,0,0,0,0,0,0,580544.0
0,0,0,0,0,0,0,0,0,0,0,0,0,0,0,0,0,0,0,0,0,0,0,0,0,0,0,0,0,0,0,0,112512.0
39,19,18,13,6,0,5,55,8,0,24,1,.207,116,.264,.388,.652,0,0,0,1,535,125,45,20,48,0,0,.339,1.06,0,23.20,139136.0
214,166,94,71,29,2,18,204,47,0,129,4,.219,589,.280,.367,.647,7,10,.588,16,2442,644,216,56,266,1,3,.300,1.77,0,32.72,514944.0
141,0,0,0,0,0,0,0,0,0,0,0,.000,0,.000,.000,.000,0,0,0,0,0,0,0,0,0,0,0,0,0,0,0,403392.0
625,379,407,187,76,9,22,312,129,5,330,19,.237,1394,.307,.352,.659,8,19,.704,21,6069,1578,490,151,591,17,17,.286,0.93,2,63.36,413888.0
0,0,0,0,0,0,0,0,0,0,0,0,0,0,0,0,0,0,0,0,0,0,0,0,0,0,0,0,0,0,0,0,237184.0
1845,2139,2014,1169,433,31,232,1052,605,46,2261,76,.306,7392,.362,.467,.829,92,318,.776,197,28327,8147,3452,821,2450,26,48,.330,1.06,0,31.86,587776.0
185,0,0,0,0,0,0,0,0,0,0,0,.000,0,.000,.000,.000,0,0,0,0,0,0,0,0,0,0,0,0,0,0,0,138880.0
723,486,490,283,112,15,41,571,243,9,516,14,.252,2046,.334,.382,.716,15,22,.595,29,9371,2320,781,204,754,6,11,.329,0.99,0,49.90,850368.0
469,461,391,216,70,6,48,342,78,2,397,36,.251,1580,.300,.394,.694,15,52,.776,31,6122,1705,623,195,727,2,9,.291,1.18,0,32.92,135232.0
619,523,357,185,63,1,46,398,168,12,400,34,.241,1660,.321,.363,.684,3,4,.571,57,7261,1880,603,202,747,3,15,.288,1.46,0,36.09,585600.0
473,499,318,267,96,5,71,445,213,11,476,11,.275,1728,.357,.460,.817,3,20,.870,50,7789,1962,795,254,709,1,9,.332,1.57,0,24.34,483904.0
26,14,13,5,1,0,0,23,5,0,7,0,.123,57,.194,.140,.334,0,0,0,2,255,62,8,4,31,0,0,.206,1.08,0,0,616960.0
1238,955,1411,487,203,5,160,601,300,10,1030,43,.261,3952,.317,.436,.753,3,6,.667,102,17195,4340,1723,559,1813,3,42,.269,0.68,0,24.70,994112.0
83,0,0,0,0,0,0,1,1,0,0,0,.000,1,.500,.000,.500,0,0,0,0,10,2,0,0,2,0,0,0,0,0,0,259072.0
450,393,329,134,61,7,16,316,54,1,391,2,.278,1406,.303,.366,.669,4,7,.636,24,5386,1485,514,156,502,10,13,.345,1.19,0,87.88,825728.0
424,344,307,149,71,4,37,284,100,8,316,8,.254,1243,.313,.407,.720,1,2,.667,27,5343,1359,506,161,537,4,4,.301,1.12,0,33.60,861824.0
2267,2836,2156,1262,572,33,335,1214,620,112,2639,85,.301,8773,.351,.488,.839,38,51,.573,286,33054,9550,4282,1306,3756,10,62,.316,1.32,0,26.19,478080.0
0,0,0,0,0,0,0,0,0,0,0,0,0,0,0,0,0,0,0,0,0,0,0,0,0,0,0,0,0,0,0,0,692608.0
300,20,3,6,0,0,1,20,2,0,8,0,.167,48,.200,.229,.429,0,0,0,0,174,53,11,2,30,3,0,.259,6.67,0,48.00,318528.0
1048,695,1055,599,234,21,187,1161,469,5,916,51,.241,3801,.330,.461,.791,15,29,.659,64,18292,4347,1753,520,1653,0,26,.294,0.66,0,20.33,371648.0
0,0,0,0,0,0,0,0,0,0,0,0,0,0,0,0,0,0,0,0,0,0,0,0,0,0,0,0,0,0,0,0,159744.0
487,605,384,207,93,9,43,311,87,5,470,1,.268,1754,.301,.405,.706,16,38,.704,39,6537,1858,710,210,722,2,14,.302,1.58,0,40.79,532096.0
267,227,182,140,51,7,47,344,99,8,248,5,.250,993,.319,.457,.776,5,46,.902,12,4401,1105,454,150,437,0,8,.330,1.25,0,21.13,673664.0
779,900,644,402,162,6,78,481,358,9,807,24,.287,2815,.370,.432,.802,7,9,.563,79,12488,3214,1215,352,1046,0,17,.321,1.40,0,36.09,348544.0
303,226,306,94,33,4,16,101,34,1,204,7,.248,824,.282,.356,.638,6,14,.700,19,2874,878,293,81,382,8,5,.264,0.74,0,51.50,968512.0
2797,2632,2553,1551,627,17,511,2105,1258,238,3174,74,.306,10356,.382,.518,.900,21,40,.656,364,44444,11796,5368,1881,4207,5,103,.340,1.03,0,20.27,306176.0
141,117,121,32,21,0,7,99,33,3,97,5,.226,430,.286,.323,.609,1,1,.500,10,1722,472,139,38,206,0,4,.274,0.97,0,61.43,628096.0
228,191,159,93,27,2,37,200,66,0,155,8,.221,702,.294,.423,.717,1,3,.750,22,3012,779,297,111,360,0,3,.252,1.20,0,18.97,92608.0
486,381,407,193,83,10,37,409,159,3,365,30,.237,1542,.316,.375,.691,5,13,.722,20,7174,1752,579,176,656,1,20,.294,0.94,0,41.68,203968.0
0,0,0,0,0,0,0,0,0,0,0,0,0,0,0,0,0,0,0,0,0,0,0,0,0,0,0,0,0,0,0,0,918528.0
46,15,32,12,6,0,5,53,11,0,25,3,.200,125,.281,.368,.649,0,2,1.000,1,551,139,46,13,57,0,0,.299,0.47,0,25.00,204160.0
894,833,805,374,158,6,123,690,239,9,757,38,.247,3061,.308,.423,.731,1,3,.750,90,12752,3362,1296,439,1419,3,21,.279,1.03,0,24.89,704384.0
323,0,2,0,0,0,0,4,0,0,0,0,.000,6,.000,.000,.000,0,0,0,0,22,6,0,0,6,0,0,.000,0.00,0,0,508608.0
188,175,120,64,18,1,16,178,50,1,128,4,.214,598,.279,.328,.607,0,3,1.000,13,2568,660,196,59,286,2,1,.277,1.46,5,37.38,748288.0
137,50,15,11,0,0,2,94,9,0,15,1,.095,158,.149,.133,.282,0,0,0,3,672,184,21,5,87,16,0,.210,3.33,0,79.00,853312.0
133,4,0,0,0,0,0,2,0,0,1,0,.143,7,.143,.143,.286,0,0,0,0,32,7,1,0,0,0,0,.200,4.00,0,0,784000.0
8,1,0,0,0,0,0,1,0,0,1,0,.333,3,.333,.333,.666,0,0,0,0,9,3,1,0,1,0,0,.500,1.00,0,0,435264.0
923,1016,942,364,163,4,130,569,221,39,809,16,.244,3309,.293,.414,.707,1,5,.833,106,12965,3573,1370,467,1463,0,27,.257,1.08,0,25.45,353728.0
238,34,4,7,0,0,0,66,7,0,12,0,.109,110,.161,.109,.270,0,0,0,1,510,123,12,4,56,5,1,.267,8.50,0,0,543744.0
52,9,0,0,1,0,0,29,1,0,2,0,.054,37,.079,.081,.160,0,0,0,0,146,41,3,0,28,3,0,.250,9.00,0,0,101184.0
199,171,148,72,24,1,16,127,38,1,161,4,.269,599,.314,.392,.706,1,2,.667,21,2552,649,235,71,256,2,6,.314,1.16,0,37.44,965888.0
29,0,0,0,0,0,0,0,0,0,0,0,.000,0,.000,.000,.000,0,0,0,0,0,0,0,0,0,0,0,0,0,0,0,274688.0
369,316,423,140,57,5,42,194,103,2,293,10,.241,1217,.303,.399,.702,3,0,.000,23,4991,1339,486,140,481,0,9,.254,0.75,0,28.98,694400.0
30,3,0,1,0,0,0,1,0,0,1,1,.200,5,.333,.200,.533,0,0,0,0,22,6,1,0,2,0,0,.250,3.00,0,0,769792.0
183,6,3,2,0,0,1,12,0,0,7,0,.259,27,.259,.370,.629,0,0,0,0,103,28,10,2,18,1,0,.429,2.00,0,27.00,905664.0
55,0,0,0,0,0,0,1,0,0,0,0,.000,1,.000,.000,.000,0,0,0,0,4,1,0,0,0,0,0,0,0,0,0,710208.0
595,447,541,258,108,27,73,621,193,2,498,15,.238,2093,.305,.420,.725,12,19,.613,50,8946,2315,879,235,978,0,14,.301,0.83,0,28.67,140864.0
277,0,0,0,0,0,0,0,0,0,0,0,.000,0,.000,.000,.000,0,0,0,0,0,0,0,0,0,0,0,0,0,0,0,79872.0
243,0,0,0,0,0,0,1,0,0,0,0,.000,1,.000,.000,.000,0,0,0,0,4,1,0,0,3,0,0,0,0,0,0,647936.0
241,2,0,0,0,0,0,1,0,0,0,0,.000,3,.000,.000,.000,0,0,0,1,9,3,0,0,6,0,0,.000,2.00,0,0,400960.0
977,1162,716,550,183,18,98,964,152,4,1079,23,.277,3900,.307,.408,.715,31,122,.797,96,14683,4096,1592,350,1428,10,11,.344,1.62,0,39.80,963008.0
0,0,0,0,0,0,0,0,0,0,0,0,0,0,0,0,0,0,0,0,0,0,0,0,0,0,0,0,0,0,0,0,278464.0
329,0,0,0,0,0,0,0,0,0,0,0,.000,0,.000,.000,.000,0,0,0,0,0,0,0,0,0,0,0,0,0,0,0,663040.0
603,460,535,290,98,21,46,527,139,2,492,55,.247,1989,.312,.387,.699,24,66,.733,26,8422,2208,770,200,824,9,16,.311,0.86,0,43.24,733696.0
35,0,0,0,0,0,0,2,0,0,0,0,.000,2,.000,.000,.000,0,0,0,0,8,2,0,0,3,0,0,0,0,0,0,933760.0
148,101,44,15,4,0,0,81,9,0,27,0,.126,215,.161,.144,.305,0,0,0,2,947,262,31,9,98,38,0,.201,2.30,0,0,693248.0
46,0,0,0,0,0,0,0,0,0,0,0,.000,0,.000,.000,.000,0,0,0,0,0,0,0,0,0,0,0,0,0,0,0,566784.0
86,63,18,8,4,0,0,40,2,0,17,0,.135,126,.148,.167,.315,0,0,0,4,431,140,21,7,57,12,0,.198,3.50,0,0,771904.0
195,102,24,17,2,0,3,112,6,0,41,1,.163,251,.186,.207,.393,0,0,0,4,1069,286,52,15,123,28,0,.279,4.25,0,83.67,748096.0
349,1,1,1,0,0,0,2,0,0,1,0,.200,5,.200,.200,.400,0,0,0,0,16,5,1,0,1,0,0,.333,1.00,0,0,929408.0
884,571,862,398,141,4,140,929,238,4,690,58,.228,3025,.295,.416,.711,15,27,.643,61,13008,3349,1259,402,1375,0,27,.277,0.66,1,21.61,530432.0
28,0,0,0,0,0,0,0,0,0,0,0,.000,0,.000,.000,.000,0,0,0,0,0,0,0,0,0,0,0,0,0,0,0,254080.0
136,5,1,0,1,0,0,8,1,0,1,0,.067,15,.125,.133,.258,0,0,0,0,65,16,2,0,12,0,0,.143,5.00,0,0,213888.0
590,335,259,140,61,8,30,337,68,9,301,12,.248,1212,.294,.386,.680,10,21,.677,33,4772,1312,468,145,521,14,6,.318,1.29,0,40.40,302656.0
581,342,505,258,88,6,97,565,242,3,431,24,.235,1831,.331,.449,.780,2,3,.600,39,8913,2110,822,283,794,1,11,.283,0.68,1,18.88,89024.0
643,487,347,246,93,3,72,583,210,5,485,32,.257,1888,.339,.424,.763,2,7,.778,66,8485,2146,800,221,892,0,14,.331,1.40,2,26.22,557696.0
523,340,287,190,67,16,45,481,98,3,337,21,.236,1429,.292,.400,.692,6,13,.684,18,6259,1564,571,176,616,5,11,.319,1.18,0,31.76,762240.0
2059,2734,1903,1058,380,51,102,1206,611,8,2091,57,.269,7772,.325,.370,.695,115,347,.751,197,33084,8603,2879,775,2948,104,58,.305,1.44,1,76.20,610240.0
241,0,0,0,0,0,0,0,0,0,0,0,.000,0,.000,.000,.000,0,0,0,0,0,0,0,0,0,0,0,0,0,0,0,334720.0
210,108,27,6,2,0,0,146,4,0,25,2,.091,275,.110,.098,.208,0,0,0,3,1087,312,27,10,146,31,0,.194,4.00,0,0,507520.0
311,2,1,0,0,0,0,1,0,0,0,0,.000,3,.000,.000,.000,0,0,0,0,12,4,0,0,1,1,0,.000,2.00,0,0,953536.0
357,292,248,91,41,7,28,327,58,4,212,12,.198,1071,.246,.328,.574,3,10,.769,21,4451,1150,351,109,456,4,4,.256,1.18,1,38.25,925504.0
280,170,186,114,45,6,29,269,102,1,190,11,.235,810,.327,.412,.739,4,12,.750,21,3836,928,334,101,368,0,5,.311,0.91,0,27.93,188224.0
162,2,1,1,0,0,0,9,0,0,2,0,.143,14,.143,.143,.286,0,0,0,0,58,14,2,0,6,0,0,.400,2.00,0,0,643456.0
385,1,0,0,0,0,0,1,0,0,0,0,.000,2,.000,.000,.000,0,0,0,0,4,2,0,0,1,0,0,.000,1.00,0,0,69760.0
375,167,120,54,19,0,19,284,49,0,109,2,.172,633,.232,.292,.524,0,0,0,5,2765,731,185,65,357,42,5,.269,1.39,0,33.32,267264.0
80,0,0,0,0,0,0,0,1,0,0,0,.000,0,1.000,.000,1.000,0,0,0,0,8,1,0,0,0,0,0,0,0,0,0,61248.0
133,104,73,58,23,1,14,99,44,2,87,7,.242,360,.333,.428,.761,0,0,0,7,1702,414,154,46,134,0,3,.292,1.42,0,25.71,53056.0
630,599,467,287,118,11,66,613,237,8,559,52,.251,2227,.336,.403,.739,8,14,.636,58,9865,2527,897,273,884,0,11,.316,1.28,0,33.74,378880.0
740,673,627,247,124,4,63,489,176,4,590,13,.250,2360,.304,.386,.690,2,2,.500,78,9772,2568,911,301,1097,2,17,.289,1.07,0,37.46,639360.0
0,0,0,0,0,0,0,0,0,0,0,0,0,0,0,0,0,0,0,0,0,0,0,0,0,0,0,0,0,0,0,0,943744.0
183,1,0,0,0,0,0,1,0,0,0,0,.000,2,.000,.000,.000,0,0,0,0,8,2,0,0,0,0,0,.000,1.00,0,0,603008.0
154,0,0,0,0,0,0,0,0,0,0,0,.000,0,.000,.000,.000,0,0,0,0,0,0,0,0,0,0,0,0,0,0,0,191744.0
9,0,0,0,0,0,0,6,0,0,0,0,.000,6,.000,.000,.000,0,0,0,0,24,6,0,0,5,0,0,0,0,0,0,744448.0
939,386,639,463,107,10,208,1292,497,20,557,32,.194,2869,.319,.456,.775,10,33,.767,16,14343,3403,1308,453,1340,1,4,.254,0.60,0,13.79,67200.0
1445,1745,1567,758,348,25,129,658,485,37,1656,37,.298,5566,.355,.439,.794,33,125,.791,130,22699,6149,2441,720,2073,13,47,.316,1.11,1,43.15,464448.0
450,1,0,0,0,0,0,1,0,0,0,0,.000,2,.000,.000,.000,0,0,0,0,8,2,0,0,1,0,0,.000,1.00,0,0,77376.0
265,329,286,164,61,14,30,139,92,4,292,5,.282,1037,.340,.454,.794,11,40,.784,25,4218,1143,471,130,414,0,9,.299,1.15,0,34.57,950400.0
367,297,307,172,65,4,75,392,79,3,322,26,.246,1308,.300,.474,.774,3,2,.400,24,5258,1423,620,194,541,1,9,.291,0.97,0,17.44,944640.0
61,0,1,0,0,0,0,0,0,0,0,0,.000,0,.000,.000,.000,0,0,0,0,5,1,0,1,0,0,1,.000,0.00,0,0,629504.0
180,0,0,0,0,0,0,0,0,0,0,0,.000,0,.000,.000,.000,0,0,0,0,0,0,0,0,0,0,0,0,0,0,0,666688.0
0,0,0,0,0,0,0,0,0,0,0,0,0,0,0,0,0,0,0,0,0,0,0,0,0,0,0,0,0,0,0,0,146176.0
470,1,0,0,0,0,0,1,0,0,0,0,.000,2,.000,.000,.000,0,0,0,0,6,2,0,0,1,0,0,.000,1.00,0,0,923584.0
474,413,381,256,66,15,84,533,151,5,425,17,.245,1738,.309,.445,.754,28,105,.789,14,7756,1921,773,243,680,3,11,.301,1.08,1,20.69,562368.0
0,0,0,0,0,0,0,0,0,0,0,0,0,0,0,0,0,0,0,0,0,0,0,0,0,0,0,0,0,0,0,0,626496.0
81,56,45,16,4,0,5,48,9,0,27,2,.156,173,.205,.266,.471,0,7,1.000,1,734,187,46,17,72,2,1,.182,1.24,0,34.60,333376.0
428,336,303,149,60,0,35,326,48,1,284,4,.229,1241,.259,.362,.621,5,12,.706,33,4499,1301,449,135,552,4,4,.282,1.11,0,35.46,534336.0
421,290,212,136,51,5,36,324,115,5,249,22,.234,1065,.318,.392,.710,6,11,.647,37,4742,1213,418,156,515,1,10,.298,1.37,0,29.58,228736.0
264,0,0,0,0,0,0,2,1,0,0,0,.000,2,.333,.000,.333,0,0,0,0,15,3,0,0,3,0,0,0,0,0,0,782592.0
139,71,105,36,15,1,4,163,28,0,77,3,.186,415,.242,.255,.497,4,9,.692,8,1749,447,106,32,220,0,1,.293,0.68,0,103.75,43264.0
271,174,162,101,42,9,14,262,61,4,183,4,.236,776,.293,.367,.660,6,19,.760,6,3429,846,285,87,333,0,5,.335,1.07,0,55.43,242176.0
408,1,0,1,0,0,0,1,0,0,1,0,.333,3,.333,.333,.666,0,0,0,0,7,3,1,0,0,0,0,.500,1.00,0,0,359360.0
148,25,6,4,2,0,0,26,1,0,8,0,.157,51,.173,.196,.369,0,0,0,1,220,66,10,4,31,14,0,.320,4.17,0,0,794688.0
134,88,82,38,20,1,2,94,26,0,78,5,.231,337,.295,.315,.610,2,0,.000,9,1385,373,106,35,128,4,1,.314,1.07,0,168.50,439168.0
59,31,30,14,5,1,3,37,17,0,37,1,.278,133,.359,.398,.757,4,7,.636,3,620,153,53,14,51,0,2,.358,1.03,0,44.33,709248.0
656,488,626,352,123,7,126,760,188,4,578,26,.238,2429,.297,.450,.747,17,65,.793,50,10584,2666,1093,395,1166,0,23,.289,0.78,0,19.28,871488.0
1413,841,1338,681,290,36,194,1346,678,36,1232,48,.261,4729,.357,.460,.817,21,47,.691,64,22414,5483,2176,627,2067,1,27,.323,0.63,0,24.38,651584.0
1953,1603,1674,1216,453,23,363,1900,1058,117,2092,50,.290,7213,.382,.510,.892,35,170,.829,169,34914,8397,3680,1196,2862,0,56,.345,0.96,20,19.87,604608.0
895,824,1172,561,215,31,145,654,261,10,963,31,.269,3579,.322,.468,.790,20,86,.811,34,14446,3907,1675,519,1340,2,32,.291,0.70,2,24.68,939200.0
289,0,0,0,0,0,0,0,0,0,0,0,.000,0,.000,.000,.000,0,0,0,0,0,0,0,0,0,0,0,0,0,0,0,474176.0
0,0,0,0,0,0,0,0,0,0,0,0,0,0,0,0,0,0,0,0,0,0,0,0,0,0,0,0,0,0,0,0,21184.0
112,0,0,0,0,0,0,0,0,0,0,0,.000,0,.000,.000,.000,0,0,0,0,0,0,0,0,0,0,0,0,0,0,0,577152.0
101,5,0,0,0,0,0,6,0,0,0,0,.000,10,.000,.000,.000,0,0,0,0,40,11,0,0,6,1,0,.000,5.00,0,0,163072.0
72,6,0,0,0,0,0,2,0,0,0,0,.000,7,.000,.000,.000,0,0,0,1,22,8,0,0,2,1,0,.000,6.00,0,0,52864.0
252,150,195,84,22,1,37,203,78,3,141,14,.205,687,.298,.402,.700,0,0,0,11,3189,781,276,89,321,0,2,.232,0.77,0,18.57,777856.0
287,17,1,3,0,1,0,17,0,0,4,0,.105,38,.105,.158,.263,0,1,1.000,0,134,39,6,6,18,1,0,.190,17.00,0,0,651904.0
